Name,Clan,Faction,Generation,Portrait,Related to Relationship Map (Column),Related to Scenes (NPCs),Short Description,Title
Estelle De León,Salubri,Unaffiliated,Elder (9th Generation),"Physician,%20Heal%20Thyself/VtM%20NPCs/Estelle%20De%20Le%C3%B3n/med_(1).jpg",Untitled (https://app.notion.com/p/cf74d6af926441659b99fc1b1242aa2f?pvs=21),,,
Milica Zupančič,Tzimisce,Sabbat,Ancillae (10th Generation),"Physician,%20Heal%20Thyself/VtM%20NPCs/Milica%20Zupan%C4%8Di%C4%8D/smartcrop.png",Untitled (https://app.notion.com/p/48ad52f0465c48c4926ac07d35c853e5?pvs=21),,,Bishop
"Jerome ""The Bank"" Giovanni",Hecata,Anarch,Neonate (12th Generation),"Physician,%20Heal%20Thyself/VtM%20NPCs/Jerome%20The%20Bank%20Giovanni/med.jpg",Untitled (https://app.notion.com/p/5a328211c2984f00ada53cb06d73e8bd?pvs=21),Untitled (https://app.notion.com/p/d2340ab49feb4858ba1c5d53159b59f9?pvs=21),,
Prince Beatrice Bouchard,Ventrue,Camarilla,Ancillae (10th Generation),"Physician,%20Heal%20Thyself/VtM%20NPCs/Prince%20Beatrice%20Bouchard/4bba999aad0a0273b0e848b8a071062b--jennifer-connelly-jennifer-oneill.jpg",,,"Desire to re-conquer. Seed of something great. Promises stability. Willing to sacrifice for knowledge. Tempted to present successes prematurely, at the expense of real victory.",Prince of Quebec City
Gisele Singh,Ventrue,Camarilla,Neonate (12th Generation),"Physician,%20Heal%20Thyself/VtM%20NPCs/Gisele%20Singh/Garrett.jpg",,,"Visionary, but bound by the Prince; wants to see the vision brought to completion.",Seneschal
Javier Pegahmagabow,Banu Haqim,Camarilla,Neonate (13th Generation),"Physician,%20Heal%20Thyself/VtM%20NPCs/Javier%20Pegahmagabow/8b9ee5844f8bc4deeaaf5ce465bb9f0d.jpg",,Untitled (https://app.notion.com/p/aa5bb06e75414874bb2baab9870df7e4?pvs=21),"Investigator, and furious avenger. Isolated.",Sheriff
Anselm,Nosferatu,Camarilla,Neonate (13th Generation),"Physician,%20Heal%20Thyself/VtM%20NPCs/Anselm/shadow-of-the-vampire.jpg",,,,Harpy
Mohamed Mkerref,Toreador,Camarilla,Neonate (12th Generation),"Physician,%20Heal%20Thyself/VtM%20NPCs/Mohamed%20Mkerref/Mikail_2607_preview.jpeg",,,,Keeper of Elysium
Michel Delacroix,Tremere,Camarilla,Neonate (12th Generation),"Physician,%20Heal%20Thyself/VtM%20NPCs/Michel%20Delacroix/5ae1e6b8422e4.image.jpg",Untitled (https://app.notion.com/p/532b1432a1b54c318e6b243c38a6dbe5?pvs=21),,"Offensive, aggressive blood magician. Torturer, executioner.",Tremere Primogen
Maggie Molyneux,Toreador,Camarilla,Neonate (12th Generation),"Physician,%20Heal%20Thyself/VtM%20NPCs/Maggie%20Molyneux/audrey-fleurot-dans-serie-engrenages-2005.jpg",,,,Toreador Primogen
"""The Spaniard""",Lasombra,Sabbat,Neonate (12th Generation),"Physician,%20Heal%20Thyself/VtM%20NPCs/The%20Spaniard/577559eaac1fe34040908f36.jpg",,,,Ductus
Patricia Cornell,,AURORA,,"Physician,%20Heal%20Thyself/VtM%20NPCs/Patricia%20Cornell/1007059968_crime_scene_investigator.png",,Untitled (https://app.notion.com/p/c4bd0ed514ac42fa8a4b3bd5a6287647?pvs=21),CSIS Investigator,
Faith,The Ministry,Anarch,Neonate (13th Generation),"Physician,%20Heal%20Thyself/VtM%20NPCs/Faith/bartender-doing-her-job.jpg",,Untitled (https://app.notion.com/p/d2340ab49feb4858ba1c5d53159b59f9?pvs=21),Proprietor of Bar Le Sacrilège,
Caleb Benedict,,AURORA,,"Physician,%20Heal%20Thyself/VtM%20NPCs/Caleb%20Benedict/GN0603MERCEDES.jpg",,,CSIS muscle for St. Leopold,
Councillor Rene Lefebvre,,Society of St. Leopold,,"Physician,%20Heal%20Thyself/VtM%20NPCs/Councillor%20Rene%20Lefebvre/51DYDIv6D3L._AC_UX385_.jpg",,Untitled (https://app.notion.com/p/c4bd0ed514ac42fa8a4b3bd5a6287647?pvs=21),,Councillor
Glaurung,Tzimisce,Sabbat,Ancillae (10th Generation),"Physician,%20Heal%20Thyself/VtM%20NPCs/Glaurung/Mads-Mikkelsen-as-Hannibal.jpg",,,,Bishop
Jonah Weber,Caitiff,Anarch,Thin-Blood (15th Generation),"Physician,%20Heal%20Thyself/VtM%20NPCs/Jonah%20Weber/east-german-punks-book.png",,Untitled (https://app.notion.com/p/d2340ab49feb4858ba1c5d53159b59f9?pvs=21),,
Linh Phuong,Caitiff,Anarch,Thin-Blood (16th Generation),"Physician,%20Heal%20Thyself/VtM%20NPCs/Linh%20Phuong/48c11942ba070ef30498cdb550377cd2.png",,Untitled (https://app.notion.com/p/d2340ab49feb4858ba1c5d53159b59f9?pvs=21),,
Matthieu Dufourmantelle,Gangrel,Anarch,Neonate (13th Generation),"Physician,%20Heal%20Thyself/VtM%20NPCs/Matthieu%20Dufourmantelle/f106042ac2ccba8b829304f417c28f0c.jpg",,,,
Roscoe,Brujah,Sabbat,Neonate (13th Generation),"Physician,%20Heal%20Thyself/VtM%20NPCs/Roscoe/c7ffdccc46cc49306c0c7c8742910917.jpg",,,,
Stefan Neptune,The Ministry,Anarch,Neonate (13th Generation),"Physician,%20Heal%20Thyself/VtM%20NPCs/Stefan%20Neptune/closeup.jpg",,Untitled (https://app.notion.com/p/d2340ab49feb4858ba1c5d53159b59f9?pvs=21),,
Sybille Théa,Tremere,Sabbat,Ancillae (11th Generation),"Physician,%20Heal%20Thyself/VtM%20NPCs/Sybille%20Th%C3%A9a/20RDP_MOTH_SPAN-articleLarge.jpg",Untitled (https://app.notion.com/p/f7c2e098445143b4809792c9fe9fe914?pvs=21),Untitled (https://app.notion.com/p/c43f84cf426e4de289eeaef437945480?pvs=21),,Ductus
TBD Tremere Apprentice,Tremere,,,,Untitled (https://app.notion.com/p/4b9b13fe2d8a4cf49a17ff28b5123d5f?pvs=21),,,
Comte Cioran,Brujah,Anarch,Elder (8th Generation),"Physician,%20Heal%20Thyself/VtM%20NPCs/Comte%20Cioran/616692-emmanuel-macron-lance-lannee-francois-mitterrand-en-2021.jpg",,,Former ruler of Quebec City,Comte