file	fate	reason
Physician, Heal Thyself/Consent Checklists/Consent-in-Gaming-Form-ChrisReid.pdf	excluded	consent checklist: players’ personal data
Physician, Heal Thyself/Consent Checklists/Consent-in-Gaming-Form-Fillable-Checklist-2019-09-13_(2)_(1).pdf	excluded	consent checklist: players’ personal data
Physician, Heal Thyself/Consent Checklists/Peya_-_RPG_Consent_Checklist.pdf	excluded	consent checklist: players’ personal data
Physician, Heal Thyself/Consent Checklists/Screen_Shot_2021-03-16_at_11.59.08_AM_(2).png	excluded	consent checklist: players’ personal data
Physician, Heal Thyself/Consent Checklists/SharifConsent-in-Gaming-Form-Fillable-Checklist-2019-09-13_(1).pdf	excluded	consent checklist: players’ personal data
Physician, Heal Thyself/Consent Checklists c9c5f2a9cf4547a8904a44c210ea0462.html	excluded	consent checklist: players’ personal data
Physician, Heal Thyself/Coterie/Baruch Espinosa/Screenshot_2021-03-15_132615.png	copied	
Physician, Heal Thyself/Coterie/Baruch Espinosa/SymbolClanNosferatuV5.png	copied	
Physician, Heal Thyself/Coterie/Baruch Espinosa c6348229af4a4410adbd33f0f2710775.html	redacted	the Player property row removed
Physician, Heal Thyself/Coterie/Calliope/1d672fe11a2d768e6bb6f276da4a4d6f.jpg	copied	
Physician, Heal Thyself/Coterie/Calliope/SymbolClanBrujahV5.png	copied	
Physician, Heal Thyself/Coterie/Calliope/Untitled.png	copied	
Physician, Heal Thyself/Coterie/Calliope dd06cd7219944f329558045d0d632741.html	redacted	the Player property row removed
Physician, Heal Thyself/Coterie/Claire Breguet/SymbolClanTremereV5.png	copied	
Physician, Heal Thyself/Coterie/Claire Breguet/Untitled 1.png	copied	
Physician, Heal Thyself/Coterie/Claire Breguet/Untitled.png	copied	
Physician, Heal Thyself/Coterie/Claire Breguet/unknown.png	copied	
Physician, Heal Thyself/Coterie/Claire Breguet 9c5fd858ddb3446aaa2283ba84623b02.html	redacted	the Player property row removed
Physician, Heal Thyself/Coterie/Kamaludeen Hussein/SymbolClanBanuHaqimV5.png	copied	
Physician, Heal Thyself/Coterie/Kamaludeen Hussein/Untitled.png	copied	
Physician, Heal Thyself/Coterie/Kamaludeen Hussein/brothermouzone.jpg	copied	
Physician, Heal Thyself/Coterie/Kamaludeen Hussein 029d416add614275ad66185791a5caf6.html	redacted	the Player property row removed
Physician, Heal Thyself/Coterie/Nico/Jean-Paul_Sartre_FP.jpg	copied	
Physician, Heal Thyself/Coterie/Nico/SymbolClanMalkavianV5.png	copied	
Physician, Heal Thyself/Coterie/Nico a5b7793c9250430ca7f118b23dedfb58.html	redacted	the Player property row removed
Physician, Heal Thyself/Coterie/Richart Cartier/LogoClanTzimisce_(1).png	copied	
Physician, Heal Thyself/Coterie/Richart Cartier/Untitled.png	copied	
Physician, Heal Thyself/Coterie/Richart Cartier/snafu_by_sikuriina_d2qtqum-fullview.png	copied	
Physician, Heal Thyself/Coterie/Richart Cartier c47d1265e54c4375a684c5f4fb0dd79f.html	redacted	the Player property row removed
Physician, Heal Thyself/Coterie/Susanna/LogoBloodlineSalubri.png	copied	
Physician, Heal Thyself/Coterie/Susanna/Salubri.pdf	copied	
Physician, Heal Thyself/Coterie/Susanna/Untitled.png	copied	
Physician, Heal Thyself/Coterie/Susanna/med.jpg	copied	
Physician, Heal Thyself/Coterie/Susanna 42b181506ca844fa9263bd9996e01683.html	redacted	the Player property row removed
Physician, Heal Thyself/Coterie 80dfdcd460fd43a8be2bea5a8fc50a9f.csv	redacted	the Player column removed
Physician, Heal Thyself/Letters from Baruch Espinosa/Untitled 1.png	copied	
Physician, Heal Thyself/Letters from Baruch Espinosa/Untitled 2.png	copied	
Physician, Heal Thyself/Letters from Baruch Espinosa/Untitled.png	copied	
Physician, Heal Thyself/Letters from Baruch Espinosa 5f7b2fb23e844b38a329d81e8ec9c623.html	copied	
Physician, Heal Thyself/Screenshot_2021-03-14_212314.png	copied	
Physician, Heal Thyself/The Story Coming Up/Untitled 1.png	copied	
Physician, Heal Thyself/The Story Coming Up/Untitled.png	copied	
Physician, Heal Thyself/The Story Coming Up 25f684b4641d4573a4b26b0ade829de2.html	copied	
Physician, Heal Thyself/The Story So Far bd98aa94c8ec448e8325e322e5212002.html	copied	
Physician, Heal Thyself/Untitled 1.png	copied	
Physician, Heal Thyself/Untitled 10.png	copied	
Physician, Heal Thyself/Untitled 11.png	copied	
Physician, Heal Thyself/Untitled 12.png	copied	
Physician, Heal Thyself/Untitled 13.png	copied	
Physician, Heal Thyself/Untitled 14.png	copied	
Physician, Heal Thyself/Untitled 15.png	copied	
Physician, Heal Thyself/Untitled 16.png	copied	
Physician, Heal Thyself/Untitled 17.png	copied	
Physician, Heal Thyself/Untitled 18.png	copied	
Physician, Heal Thyself/Untitled 19.png	copied	
Physician, Heal Thyself/Untitled 2.png	copied	
Physician, Heal Thyself/Untitled 20.png	copied	
Physician, Heal Thyself/Untitled 21.png	copied	
Physician, Heal Thyself/Untitled 22.png	copied	
Physician, Heal Thyself/Untitled 23.png	copied	
Physician, Heal Thyself/Untitled 24.png	copied	
Physician, Heal Thyself/Untitled 25.png	copied	
Physician, Heal Thyself/Untitled 26.png	copied	
Physician, Heal Thyself/Untitled 27.png	copied	
Physician, Heal Thyself/Untitled 3.png	copied	
Physician, Heal Thyself/Untitled 4.png	copied	
Physician, Heal Thyself/Untitled 5.png	copied	
Physician, Heal Thyself/Untitled 6.png	copied	
Physician, Heal Thyself/Untitled 7.png	copied	
Physician, Heal Thyself/Untitled 8.png	copied	
Physician, Heal Thyself/Untitled 9.png	copied	
Physician, Heal Thyself/Untitled.png	copied	
Physician, Heal Thyself/VtM NPCs/Anselm/SymbolClanNosferatuV5.png	copied	
Physician, Heal Thyself/VtM NPCs/Anselm/shadow-of-the-vampire.jpg	copied	
Physician, Heal Thyself/VtM NPCs/Anselm 0a27bc0dfd2541969a4a6a7da50c6ba7.html	copied	
Physician, Heal Thyself/VtM NPCs/Caleb Benedict/GN0603MERCEDES.jpg	copied	
Physician, Heal Thyself/VtM NPCs/Caleb Benedict/SymbolSecondInquisition.png	copied	
Physician, Heal Thyself/VtM NPCs/Caleb Benedict b0dfe053d3264680b495c5ce169e22af.html	copied	
Physician, Heal Thyself/VtM NPCs/Comte Cioran/616692-emmanuel-macron-lance-lannee-francois-mitterrand-en-2021.jpg	copied	
Physician, Heal Thyself/VtM NPCs/Comte Cioran fa9ea893fd224f5e999412eb8db27907.html	copied	
Physician, Heal Thyself/VtM NPCs/Councillor Rene Lefebvre/51DYDIv6D3L._AC_UX385_.jpg	copied	
Physician, Heal Thyself/VtM NPCs/Councillor Rene Lefebvre/SocietyofLeopoldHeraldic.png	copied	
Physician, Heal Thyself/VtM NPCs/Councillor Rene Lefebvre f67b154c58f6419f8f4f3275b14cd295.html	copied	
Physician, Heal Thyself/VtM NPCs/Estelle De León/LogoBloodlineSalubri.png	copied	
Physician, Heal Thyself/VtM NPCs/Estelle De León/med_(1).jpg	copied	
Physician, Heal Thyself/VtM NPCs/Estelle De León 345ee95056b34898a8c70604601a5f75.html	copied	
Physician, Heal Thyself/VtM NPCs/Faith/SymbolMinistryV5.png	copied	
Physician, Heal Thyself/VtM NPCs/Faith/bartender-doing-her-job.jpg	copied	
Physician, Heal Thyself/VtM NPCs/Faith 51630c9a972a4fd8ab9c57b59f0c3f89.html	copied	
Physician, Heal Thyself/VtM NPCs/Gisele Singh/Garrett.jpg	copied	
Physician, Heal Thyself/VtM NPCs/Gisele Singh/SymbolClanVentrueV5.png	copied	
Physician, Heal Thyself/VtM NPCs/Gisele Singh 0bc867b9f3fc4d8cb9e00a3df1291131.html	copied	
Physician, Heal Thyself/VtM NPCs/Glaurung/LogoClanTzimisce_(1).png	copied	
Physician, Heal Thyself/VtM NPCs/Glaurung/Mads-Mikkelsen-as-Hannibal.jpg	copied	
Physician, Heal Thyself/VtM NPCs/Glaurung cfdca40db0e24524a8159d61c9e62734.html	copied	
Physician, Heal Thyself/VtM NPCs/Javier Pegahmagabow/8b9ee5844f8bc4deeaaf5ce465bb9f0d.jpg	copied	
Physician, Heal Thyself/VtM NPCs/Javier Pegahmagabow/SymbolClanBanuHaqimV5.png	copied	
Physician, Heal Thyself/VtM NPCs/Javier Pegahmagabow c3c2069271d747f0802c928fd0fb6c44.html	copied	
Physician, Heal Thyself/VtM NPCs/Jerome The Bank Giovanni/SymbolHecataModern.png	copied	
Physician, Heal Thyself/VtM NPCs/Jerome The Bank Giovanni/med.jpg	copied	
Physician, Heal Thyself/VtM NPCs/Jerome The Bank Giovanni add86823a2024ae08b7cd024e4b37fbc.html	copied	
Physician, Heal Thyself/VtM NPCs/Jonah Weber/LogoBloodlineCaitiff.png	copied	
Physician, Heal Thyself/VtM NPCs/Jonah Weber/east-german-punks-book.png	copied	
Physician, Heal Thyself/VtM NPCs/Jonah Weber bbe4a63367844b158156750c4dd7c149.html	copied	
Physician, Heal Thyself/VtM NPCs/Linh Phuong/48c11942ba070ef30498cdb550377cd2.png	copied	
Physician, Heal Thyself/VtM NPCs/Linh Phuong/LogoBloodlineCaitiff.png	copied	
Physician, Heal Thyself/VtM NPCs/Linh Phuong a5eef5ea266943fc98c268ba28f7a072.html	copied	
Physician, Heal Thyself/VtM NPCs/Maggie Molyneux/SymbolClanToreadorV5.png	copied	
Physician, Heal Thyself/VtM NPCs/Maggie Molyneux/Untitled/Dexterity (3) 23ec8006f489476b9a4855be73e2680f.html	copied	
Physician, Heal Thyself/VtM NPCs/Maggie Molyneux/Untitled/Stamina (3) fdd8bb4bb740410cb1efe98c8e9be35d.html	copied	
Physician, Heal Thyself/VtM NPCs/Maggie Molyneux/Untitled/Strength (4) 32afc275b07948f58ae1d1942f1d95df.html	copied	
Physician, Heal Thyself/VtM NPCs/Maggie Molyneux/Untitled 63da-4307/Athletics (1) 11ddb646e3ff47118123502614843be1.html	copied	
Physician, Heal Thyself/VtM NPCs/Maggie Molyneux/Untitled 63da-4307/Brawl (3) 83e6b2e9f43d40309150709d8680a2f9.html	copied	
Physician, Heal Thyself/VtM NPCs/Maggie Molyneux/Untitled 63da-4307/Craft (1) 205d9cdc28c5437082aa18ffcd551282.html	copied	
Physician, Heal Thyself/VtM NPCs/Maggie Molyneux/Untitled 63da-4307/Drive (0) 4f38412c8a6d4cc19caed48d02a00f5f.html	copied	
Physician, Heal Thyself/VtM NPCs/Maggie Molyneux/Untitled 63da-4307/Firearms (2) 72d38c69e11e4b919f45c14b58a483d7.html	copied	
Physician, Heal Thyself/VtM NPCs/Maggie Molyneux/Untitled 63da-4307/Larceny (2) 19f6be9a04f74f308733f59129586981.html	copied	
Physician, Heal Thyself/VtM NPCs/Maggie Molyneux/Untitled 63da-4307/Melee (3) 7b4ee7016095420dbd1ac38e5c5b890c.html	copied	
Physician, Heal Thyself/VtM NPCs/Maggie Molyneux/Untitled 63da-4307/Stealth (1) 55fc95c3cc474ad98e145a985f71df09.html	copied	
Physician, Heal Thyself/VtM NPCs/Maggie Molyneux/Untitled 63da-4307/Survival (1) 63dc61bc611b47329db8db8d57cbb25d.html	copied	
Physician, Heal Thyself/VtM NPCs/Maggie Molyneux/Untitled 63daf44d721442b3b4b43c6bc64b4307.csv	copied	
Physician, Heal Thyself/VtM NPCs/Maggie Molyneux/Untitled a1a3baab59e348b89324f00aafde9ee7.csv	copied	
Physician, Heal Thyself/VtM NPCs/Maggie Molyneux/audrey-fleurot-dans-serie-engrenages-2005.jpg	copied	
Physician, Heal Thyself/VtM NPCs/Maggie Molyneux 535f272a17ba4820b24b7f1145f6a4ab.html	copied	
Physician, Heal Thyself/VtM NPCs/Matthieu Dufourmantelle/SymbolClanGangrelV5.png	copied	
Physician, Heal Thyself/VtM NPCs/Matthieu Dufourmantelle/f106042ac2ccba8b829304f417c28f0c.jpg	copied	
Physician, Heal Thyself/VtM NPCs/Matthieu Dufourmantelle b696af42dfd5405f9a632ed781f0c2d2.html	copied	
Physician, Heal Thyself/VtM NPCs/Michel Delacroix/5ae1e6b8422e4.image.jpg	copied	
Physician, Heal Thyself/VtM NPCs/Michel Delacroix/SymbolClanTremereV5.png	copied	
Physician, Heal Thyself/VtM NPCs/Michel Delacroix fb9adf10449245e2b6a7838d3992311c.html	copied	
Physician, Heal Thyself/VtM NPCs/Milica Zupančič/LogoClanTzimisce_(1).png	copied	
Physician, Heal Thyself/VtM NPCs/Milica Zupančič/smartcrop.png	copied	
Physician, Heal Thyself/VtM NPCs/Milica Zupančič 3df6e9707c6d45e9bd1eed2cbdc49529.html	copied	
Physician, Heal Thyself/VtM NPCs/Mohamed Mkerref/Mikail_2607_preview.jpeg	copied	
Physician, Heal Thyself/VtM NPCs/Mohamed Mkerref/SymbolClanToreadorV5.png	copied	
Physician, Heal Thyself/VtM NPCs/Mohamed Mkerref 98a556746b30425cb7bbbc6d818ca3bf.html	copied	
Physician, Heal Thyself/VtM NPCs/Patricia Cornell/1007059968_crime_scene_investigator.png	copied	
Physician, Heal Thyself/VtM NPCs/Patricia Cornell/SymbolSecondInquisition.png	copied	
Physician, Heal Thyself/VtM NPCs/Patricia Cornell 9dcd1cf004fd4f3caedd1ccf21414393.html	copied	
Physician, Heal Thyself/VtM NPCs/Prince Beatrice Bouchard/4bba999aad0a0273b0e848b8a071062b--jennifer-connelly-jennifer-oneill.jpg	copied	
Physician, Heal Thyself/VtM NPCs/Prince Beatrice Bouchard/SymbolClanVentrueV5.png	copied	
Physician, Heal Thyself/VtM NPCs/Prince Beatrice Bouchard b6c880e53bb547c29a25fe7e1ce3101b.html	copied	
Physician, Heal Thyself/VtM NPCs/Roscoe/SymbolClanBrujahV5.png	copied	
Physician, Heal Thyself/VtM NPCs/Roscoe/c7ffdccc46cc49306c0c7c8742910917.jpg	copied	
Physician, Heal Thyself/VtM NPCs/Roscoe 7f690034a776483a9fbe7d51a5a1c121.html	copied	
Physician, Heal Thyself/VtM NPCs/Stefan Neptune/SymbolMinistryV5.png	copied	
Physician, Heal Thyself/VtM NPCs/Stefan Neptune/closeup.jpg	copied	
Physician, Heal Thyself/VtM NPCs/Stefan Neptune 836321c1b51147f4adc5cd63c0f87959.html	copied	
Physician, Heal Thyself/VtM NPCs/Sybille Théa/20RDP_MOTH_SPAN-articleLarge.jpg	copied	
Physician, Heal Thyself/VtM NPCs/Sybille Théa/SymbolClanTremereV5.png	copied	
Physician, Heal Thyself/VtM NPCs/Sybille Théa 1ab8398caa814298a371ddf1ab02d32c.html	copied	
Physician, Heal Thyself/VtM NPCs/TBD Tremere Apprentice 9a6d1bcee526425ab2a47ddcc0f2f6b5.html	copied	
Physician, Heal Thyself/VtM NPCs/The Spaniard/577559eaac1fe34040908f36.jpg	copied	
Physician, Heal Thyself/VtM NPCs/The Spaniard/LogoClanLasombraV5.png	copied	
Physician, Heal Thyself/VtM NPCs/The Spaniard 5d1eb99307e646a4a244e77f37441955.html	copied	
Physician, Heal Thyself/VtM NPCs 99fc361cfb34414b8730f778b3fa4607.csv	copied	
Physician, Heal Thyself/png-transparent-fang-computer-icons-vampire-tooth-vampire-angle-logo-black-thumbnail.png	copied	
Physician, Heal Thyself 83e5eddf22684e558d143b0841aef68a.html	copied	
